{"not_found": 80, "power": 1095.3047027435055, "probability_S_in_G1": 0.0, "p_value_G1": 5.24119118976085e-71, "p_value_G2": 5.24119118976085e-71, "optimal_bs_1": "TTTTTTTTTTTTTTTTTTTT", "optimal_bs_2": "TTTTTTTTTTTTTTTTTTTT", "p_bonferroni": Infinity}