{"not_found": 6, "power": 49.50699332842307, "probability_S_in_G1": 1.2500000000000012e-15, "p_value_G1": 7.99760799802345e-06, "p_value_G2": 7.99760799802345e-06, "optimal_bs_1": "TTTT", "optimal_bs_2": "TTTT", "p_bonferroni": 6398086398.418754}