{"not_found": 77, "power": 1058.441565604857, "probability_S_in_G1": 2.38416e-319, "p_value_G1": 4.19335154140302e-82, "p_value_G2": 4.19335154140302e-82, "optimal_bs_1": "TTTTTTTTTTTTTTTTTTTTTTT", "optimal_bs_2": "TTTTTTTTTTTTTTTTTTTTTTT", "p_bonferroni": 1.7588357942839347e+237}