{"not_found": 97, "power": 1309.195813195846, "probability_S_in_G1": 0.0, "p_value_G1": 1.2803769138148e-06, "p_value_G2": 1.2803769138148e-06, "optimal_bs_1": "T00000TT", "optimal_bs_2": "T00000TT", "p_bonferroni": Infinity}