{"not_found": 85, "power": 1158.7432646412526, "probability_S_in_G1": 0.0, "p_value_G1": 6.55347877564997e-52, "p_value_G2": 6.55347877564997e-52, "optimal_bs_1": "TTTTTTTTTTTTT00TT", "optimal_bs_2": "TTTTTTTTTTTTT00TT", "p_bonferroni": Infinity}