{"not_found": 9, "power": 66.43856189774725, "probability_S_in_G1": 9.999999999999986e-21, "p_value_G1": 1, "p_value_G2": 1, "optimal_bs_1": "T", "optimal_bs_2": "T", "p_bonferroni": 1.0000000000000015e+20}