{"not_found": 95, "power": 1279.6203884367471, "probability_S_in_G1": 0.0, "p_value_G1": 1.59983311904442e-15, "p_value_G2": 1.59983311904442e-15, "optimal_bs_1": "TTTTT", "optimal_bs_2": "TTTTT", "p_bonferroni": Infinity}