{"not_found": 2, "power": 28.931568569324174, "probability_S_in_G1": 1.9531250000000003e-09, "p_value_G1": 5.1199763232049e-12, "p_value_G2": 5.1199763232049e-12, "optimal_bs_1": "T00TTTTTTT", "optimal_bs_2": "T00TTTTTTT", "p_bonferroni": 0.0026214278774809086}