{"not_found": 0, "power": 12.643856189774723, "probability_S_in_G1": 0.00015625000000000014, "p_value_G1": 6.40188456907398e-07, "p_value_G2": 6.40188456907398e-07, "optimal_bs_1": "T00TTTT", "optimal_bs_2": "T00TTTT", "p_bonferroni": 0.004097206124207343}