{"not_found": 11, "power": 197.4525485545934, "probability_S_in_G1": 3.637978807091715e-60, "p_value_G1": 2.74891325002231e-141, "p_value_G2": 2.74891325002231e-141, "optimal_bs_1": "TTTTTTTTTTTTTTTTTTTTTTTTTTTTTTTTTTTTTTT", "optimal_bs_2": "TTTTTTTTTTTTTTTTTTTTTTTTTTTTTTTTTTTTTTT", "p_bonferroni": 7.556155205367607e-82}