{"not_found": 4, "power": 56.82892142331043, "probability_S_in_G1": 7.812500000000011e-18, "p_value_G1": 1.27993028642864e-13, "p_value_G2": 1.27993028642864e-13, "optimal_bs_1": "TTT0T0TT", "optimal_bs_2": "TTT0T0TT", "p_bonferroni": 16383.107666286569}