{"not_found": 5, "power": 46.86313713864835, "probability_S_in_G1": 7.812500000000001e-15, "p_value_G1": 1.2803769138148e-06, "p_value_G2": 1.2803769138148e-06, "optimal_bs_1": "TT000TTT", "optimal_bs_2": "TT000TTT", "p_bonferroni": 163888244.96829438}