{"not_found": 6, "power": 73.7604899926346, "probability_S_in_G1": 6.250000000000025e-23, "p_value_G1": 1.60039137545247e-08, "p_value_G2": 1.60039137545247e-08, "optimal_bs_1": "TTT0T", "optimal_bs_2": "TTT0T", "p_bonferroni": 256062620072394.2}