{"not_found": 97, "power": 1310.195813195846, "probability_S_in_G1": 0.0, "p_value_G1": 2.56075382762959e-06, "p_value_G2": 2.56075382762959e-06, "optimal_bs_1": "TT000000T", "optimal_bs_2": "TT000000T", "p_bonferroni": Infinity}