{"not_found": 45, "power": 615.2347694592746, "probability_S_in_G1": 6.2500000000002404e-186, "p_value_G1": 1.59983311904442e-15, "p_value_G2": 1.59983311904442e-15, "optimal_bs_1": "TTTTT", "optimal_bs_2": "TTTTT", "p_bonferroni": 2.5597329904709735e+170}