{"not_found": 26, "power": 381.7682342478351, "probability_S_in_G1": 1.1920928955078434e-115, "p_value_G1": 8.39084532416435e-86, "p_value_G2": 8.39084532416435e-86, "optimal_bs_1": "TTTTTTTTTTTTTTTTTTTTTTTT", "optimal_bs_2": "TTTTTTTTTTTTTTTTTTTTTTTT", "p_bonferroni": 7.038751221304583e+29}