{"not_found": 7, "power": 83.7262742772967, "probability_S_in_G1": 6.250000000000002e-26, "p_value_G1": 1.59952159960469e-05, "p_value_G2": 1.59952159960469e-05, "optimal_bs_1": "T00TT", "optimal_bs_2": "T00TT", "p_bonferroni": 2.5592345593675032e+20}