{"not_found": 94, "power": 1267.3326760571977, "probability_S_in_G1": 0.0, "p_value_G1": 3.19902840563704e-19, "p_value_G2": 3.19902840563704e-19, "optimal_bs_1": "TTTTTT", "optimal_bs_2": "TTTTTT", "p_bonferroni": Infinity}