{"not_found": 0, "power": 15.643856189774723, "probability_S_in_G1": 1.9531250000000017e-05, "p_value_G1": 5.11895568954862e-16, "p_value_G2": 5.11895568954862e-16, "optimal_bs_1": "TTTTTTTTTT", "optimal_bs_2": "TTTTTTTTTT", "p_bonferroni": 2.620905313048891e-11}