{"not_found": 55, "power": 788.1118932547691, "probability_S_in_G1": 5.684341886080892e-238, "p_value_G1": 1.759638981163e-163, "p_value_G2": 1.759638981163e-163, "optimal_bs_1": "TTTTTTTTTTTTTTTTTTTTTTTTTTTTTTTTTTTTTTTTTTTTT", "optimal_bs_2": "TTTTTTTTTTTTTTTTTTTTTTTTTTTTTTTTTTTTTTTTTTTTT", "p_bonferroni": 3.095589632762562e+74}