{"not_found": 13, "power": 222.02797331369229, "probability_S_in_G1": 1.455191522836691e-67, "p_value_G1": 6.87026008135581e-134, "p_value_G2": 6.87026008135581e-134, "optimal_bs_1": "TTTTTTTTTTTTTTTTTTTTTTTTTTTTTTTTTTTTT", "optimal_bs_2": "TTTTTTTTTTTTTTTTTTTTTTTTTTTTTTTTTTTTT", "p_bonferroni": 4.7212067783099815e-67}