{"not_found": 48, "power": 652.097906597923, "probability_S_in_G1": 4.999999999999922e-197, "p_value_G1": 0.000199960131313434, "p_value_G2": 0.000199960131313434, "optimal_bs_1": "TT", "optimal_bs_2": "TT", "p_bonferroni": 3.999202626268743e+192}