{"not_found": 23, "power": 344.9050971091868, "probability_S_in_G1": 1.4901161193847673e-104, "p_value_G1": 6.70866267573248e-97, "p_value_G2": 6.70866267573248e-97, "optimal_bs_1": "TTTTTTTTTTTTTTTTTTTTTTTTTTT", "optimal_bs_2": "TTTTTTTTTTTTTTTTTTTTTTTTTTT", "p_bonferroni": 45021073.11276066}