{"not_found": 3, "power": 33.575424759098894, "probability_S_in_G1": 7.812500000000026e-11, "p_value_G1": 1.28012167908548e-10, "p_value_G2": 1.28012167908548e-10, "optimal_bs_1": "TTTTTT0T", "optimal_bs_2": "TTTTTT0T", "p_bonferroni": 1.6385557492294087}