{"not_found": 21, "power": 370.3296723500879, "probability_S_in_G1": 3.3087224502121036e-112, "p_value_G1": 3.02140466781464e-289, "p_value_G2": 3.02140466781464e-289, "optimal_bs_1": "TTTTTTTTTTTTTTTTTTTTTTTTTTTTTTTTTTTTTTTTTTTTTTTTTTTTTTTTTTTTTTTTTTTTTTTTTTTTTTT", "optimal_bs_2": "TTTTTTTTTTTTTTTTTTTTTTTTTTTTTTTTTTTTTTTTTTTTTTTTTTTTTTTTTTTTTTTTTTTTTTTTTTTTTTT", "p_bonferroni": 9.131635286063219e-178}