{"not_found": 7, "power": 82.7262742772967, "probability_S_in_G1": 1.2500000000000004e-25, "p_value_G1": 7.99760799802345e-06, "p_value_G2": 7.99760799802345e-06, "optimal_bs_1": "TT0T", "optimal_bs_2": "TT0T", "p_bonferroni": 6.398086398418758e+19}