{"not_found": 40, "power": 553.7962075615274, "probability_S_in_G1": 1.953125000000097e-167, "p_value_G1": 5.12146028783457e-34, "p_value_G2": 5.12146028783457e-34, "optimal_bs_1": "TTTTTTTTTT", "optimal_bs_2": "TTTTTTTTTT", "p_bonferroni": 2.6221876673711693e+133}