{"not_found": 4, "power": 33.219280948873624, "probability_S_in_G1": 9.999999999999993e-11, "p_value_G1": 1, "p_value_G2": 1, "optimal_bs_1": "T", "optimal_bs_2": "T", "p_bonferroni": 10000000000.000008}