{"not_found": 8, "power": 60.79470570797252, "probability_S_in_G1": 5.000000000000014e-19, "p_value_G1": 0.0199980064663173, "p_value_G2": 0.0199980064663173, "optimal_bs_1": "TT", "optimal_bs_2": "TT", "p_bonferroni": 3.999601293263449e+16}