{"not_found": 7, "power": 81.7262742772967, "probability_S_in_G1": 2.5000000000000007e-25, "p_value_G1": 3.99880399901173e-06, "p_value_G2": 3.99880399901173e-06, "optimal_bs_1": "TTT", "optimal_bs_2": "TTT", "p_bonferroni": 1.5995215996046916e+19}