{"not_found": 1, "power": 16.287712379549447, "probability_S_in_G1": 1.2500000000000021e-05, "p_value_G1": 7.99760799802345e-06, "p_value_G2": 7.99760799802345e-06, "optimal_bs_1": "TTTT", "optimal_bs_2": "TTTT", "p_bonferroni": 0.639808639841875}