{"not_found": 7, "power": 57.150849518197795, "probability_S_in_G1": 6.2500000000000114e-18, "p_value_G1": 0.00159968105050748, "p_value_G2": 0.00159968105050748, "optimal_bs_1": "TT00T", "optimal_bs_2": "TT00T", "p_bonferroni": 255948968081196.34}