{"not_found": 1, "power": 18.287712379549447, "probability_S_in_G1": 3.1250000000000052e-06, "p_value_G1": 3.19904319920938e-05, "p_value_G2": 3.19904319920938e-05, "optimal_bs_1": "TTT00T", "optimal_bs_2": "TTT00T", "p_bonferroni": 10.23693823747}