{"not_found": 8, "power": 91.69205856195879, "probability_S_in_G1": 2.4999999999999916e-28, "p_value_G1": 0.0039994019547986, "p_value_G2": 0.0039994019547986, "optimal_bs_1": "T0T", "optimal_bs_2": "T0T", "p_bonferroni": 1.5997607819194455e+25}