{"not_found": 97, "power": 1304.195813195846, "probability_S_in_G1": 0.0, "p_value_G1": 4.00117785567124e-08, "p_value_G2": 4.00117785567124e-08, "optimal_bs_1": "TTT", "optimal_bs_2": "TTT", "p_bonferroni": Infinity}