{"not_found": 28, "power": 456.343659006934, "probability_S_in_G1": 4.235164736271626e-138, "p_value_G1": 2.36049422829621e-263, "p_value_G2": 2.36049422829621e-263, "optimal_bs_1": "TTTTTTTTTTTTTTTTTTTTTTTTTTTTTTTTTTTTTTTTTTTTTTTTTTTTTTTTTTTTTTTTTTTTTTTT", "optimal_bs_2": "TTTTTTTTTTTTTTTTTTTTTTTTTTTTTTTTTTTTTTTTTTTTTTTTTTTTTTTTTTTTTTTTTTTTTTTT", "p_bonferroni": 5.573559413356472e-126}