{"not_found": 2, "power": 21.931568569324174, "probability_S_in_G1": 2.5000000000000004e-07, "p_value_G1": 0.000399920262626869, "p_value_G2": 0.000399920262626869, "optimal_bs_1": "TTT", "optimal_bs_2": "TTT", "p_bonferroni": 1599.6810505074757}