{"not_found": 24, "power": 357.1928094887362, "probability_S_in_G1": 2.9802322387695986e-108, "p_value_G1": 3.35500013511033e-93, "p_value_G2": 3.35500013511033e-93, "optimal_bs_1": "TTTTTTTTTTTTTTTTTTTTTTTTTT", "optimal_bs_2": "TTTTTTTTTTTTTTTTTTTTTTTTTT", "p_bonferroni": 1125751238935478.4}