{"not_found": 5, "power": 43.86313713864835, "probability_S_in_G1": 6.250000000000001e-14, "p_value_G1": 1.6004711422685e-07, "p_value_G2": 1.6004711422685e-07, "optimal_bs_1": "TTTTT", "optimal_bs_2": "TTTTT", "p_bonferroni": 2560753.8276295997}