{"not_found": 95, "power": 1285.6203884367471, "probability_S_in_G1": 0.0, "p_value_G1": 1.02389319618843e-13, "p_value_G2": 1.02389319618843e-13, "optimal_bs_1": "T000000TTTT", "optimal_bs_2": "T000000TTTT", "p_bonferroni": Infinity}