{"not_found": 78, "power": 1070.7292779844065, "probability_S_in_G1": 5e-323, "p_value_G1": 2.09709381258109e-78, "p_value_G2": 2.09709381258109e-78, "optimal_bs_1": "TTTTTTTTTTTTTTTTTTTTTT", "optimal_bs_2": "TTTTTTTTTTTTTTTTTTTTTT", "p_bonferroni": 4.2445651306323155e+244}