{"not_found": 3, "power": 40.86313713864835, "probability_S_in_G1": 5.000000000000001e-13, "p_value_G1": 0.0019997009773993, "p_value_G2": 0.0019997009773993, "optimal_bs_1": "TT", "optimal_bs_2": "TT", "p_bonferroni": 3999401954.7985992}