{"not_found": 3, "power": 35.575424759098894, "probability_S_in_G1": 1.9531250000000065e-11, "p_value_G1": 5.12048671634193e-10, "p_value_G2": 5.12048671634193e-10, "optimal_bs_1": "TTTTT000TT", "optimal_bs_2": "TTTTT000TT", "p_bonferroni": 26.216891987670593}