{"not_found": 0, "power": 13.965784284662087, "probability_S_in_G1": 6.25e-05, "p_value_G1": 1.60015209885685e-11, "p_value_G2": 1.60015209885685e-11, "optimal_bs_1": "TTTTT", "optimal_bs_2": "TTTTT", "p_bonferroni": 2.56024335817096e-07}