{"not_found": 35, "power": 492.35764566378015, "probability_S_in_G1": 6.103515625000132e-149, "p_value_G1": 1.63836969391249e-52, "p_value_G2": 1.63836969391249e-52, "optimal_bs_1": "TTTTTTTTTTTTTTT", "optimal_bs_2": "TTTTTTTTTTTTTTT", "p_bonferroni": 2.684304906506166e+96}