{"not_found": 6, "power": 55.50699332842307, "probability_S_in_G1": 1.953125000000002e-17, "p_value_G1": 0.0005118469118735, "p_value_G2": 0.0005118469118735, "optimal_bs_1": "T00T000T0T", "optimal_bs_2": "T00T000T0T", "p_bonferroni": 26206561887923.176}