{"not_found": 6, "power": 72.7604899926346, "probability_S_in_G1": 1.250000000000005e-22, "p_value_G1": 8.00195687726234e-09, "p_value_G2": 8.00195687726234e-09, "optimal_bs_1": "TTTT", "optimal_bs_2": "TTTT", "p_bonferroni": 64015655018098.47}