{"not_found": 4, "power": 49.82892142331043, "probability_S_in_G1": 1.0000000000000015e-15, "p_value_G1": 1, "p_value_G2": 1, "optimal_bs_1": "T", "optimal_bs_2": "T", "p_bonferroni": 999999999999998.5}