{"not_found": 3, "power": 34.575424759098894, "probability_S_in_G1": 3.906250000000013e-11, "p_value_G1": 2.56024335817097e-10, "p_value_G2": 2.56024335817097e-10, "optimal_bs_1": "TT00TTTTT", "optimal_bs_2": "TT00TTTTT", "p_bonferroni": 6.5542229969176615}