{"not_found": 2, "power": 23.931568569324174, "probability_S_in_G1": 6.250000000000001e-08, "p_value_G1": 0.00159968105050748, "p_value_G2": 0.00159968105050748, "optimal_bs_1": "T00TT", "optimal_bs_2": "T00TT", "p_bonferroni": 25594.896808119676}