{"not_found": 1, "power": 27.931568569324174, "probability_S_in_G1": 3.906250000000001e-09, "p_value_G1": 2.560486739476e-22, "p_value_G2": 2.560486739476e-22, "optimal_bs_1": "TTTTTTTTT", "optimal_bs_2": "TTTTTTTTT", "p_bonferroni": 6.554846053058559e-14}