{"not_found": 3, "power": 32.575424759098894, "probability_S_in_G1": 1.5625000000000052e-10, "p_value_G1": 6.40060839542742e-11, "p_value_G2": 6.40060839542742e-11, "optimal_bs_1": "TTTTTTT", "optimal_bs_2": "TTTTTTT", "p_bonferroni": 0.4096389373073535}