{"not_found": 3, "power": 41.86313713864835, "probability_S_in_G1": 2.5000000000000005e-13, "p_value_G1": 0.0039994019547986, "p_value_G2": 0.0039994019547986, "optimal_bs_1": "T0T", "optimal_bs_2": "T0T", "p_bonferroni": 15997607819.194397}