{"not_found": 81, "power": 1107.5924151230547, "probability_S_in_G1": 0.0, "p_value_G1": 2.62111809755986e-67, "p_value_G2": 2.62111809755986e-67, "optimal_bs_1": "TTTTTTTTTTTTTTTTTTT", "optimal_bs_2": "TTTTTTTTTTTTTTTTTTT", "p_bonferroni": Infinity}