{"not_found": 4, "power": 38.219280948873624, "probability_S_in_G1": 3.1249999999999977e-12, "p_value_G1": 3.20062322522396e-09, "p_value_G2": 3.20062322522396e-09, "optimal_bs_1": "TTTTTT", "optimal_bs_2": "TTTTTT", "p_bonferroni": 1024.1994320716678}