{"not_found": 2, "power": 22.931568569324174, "probability_S_in_G1": 1.2500000000000002e-07, "p_value_G1": 0.000799840525253738, "p_value_G2": 0.000799840525253738, "optimal_bs_1": "TT0T", "optimal_bs_2": "TT0T", "p_bonferroni": 6398.724202029903}