{"not_found": 14, "power": 234.31568569324173, "probability_S_in_G1": 2.9103830456733868e-71, "p_value_G1": 3.43581494782419e-130, "p_value_G2": 3.43581494782419e-130, "optimal_bs_1": "TTTTTTTTTTTTTTTTTTTTTTTTTTTTTTTTTTTT", "optimal_bs_2": "TTTTTTTTTTTTTTTTTTTTTTTTTTTTTTTTTTTT", "p_bonferroni": 1.1805370268810207e-59}