{"not_found": 8, "power": 160.58941141594505, "probability_S_in_G1": 4.547473508864621e-49, "p_value_G1": 2.19933965329931e-152, "p_value_G2": 2.19933965329931e-152, "optimal_bs_1": "TTTTTTTTTTTTTTTTTTTTTTTTTTTTTTTTTTTTTTTTTT", "optimal_bs_2": "TTTTTTTTTTTTTTTTTTTTTTTTTTTTTTTTTTTTTTTTTT", "p_bonferroni": 4.836399044462877e-104}