{"not_found": 29, "power": 468.63137138648347, "probability_S_in_G1": 8.4703294725431e-142, "p_value_G1": 1.18048243556921e-259, "p_value_G2": 1.18048243556921e-259, "optimal_bs_1": "TTTTTTTTTTTTTTTTTTTTTTTTTTTTTTTTTTTTTTTTTTTTTTTTTTTTTTTTTTTTTTTTTTTTTTT", "optimal_bs_2": "TTTTTTTTTTTTTTTTTTTTTTTTTTTTTTTTTTTTTTTTTTTTTTTTTTTTTTTTTTTTTTTTTTTTTTT", "p_bonferroni": 1.3936676718370749e-118}