{"not_found": 1, "power": 22.287712379549447, "probability_S_in_G1": 1.9531250000000033e-07, "p_value_G1": 5.11946598094214e-14, "p_value_G2": 5.11946598094214e-14, "optimal_bs_1": "T0TTTTTTTT", "optimal_bs_2": "T0TTTTTTTT", "p_bonferroni": 2.621166582242371e-07}