{"not_found": 87, "power": 1181.3186894003516, "probability_S_in_G1": 0.0, "p_value_G1": 4.09471848793292e-45, "p_value_G2": 4.09471848793292e-45, "optimal_bs_1": "TTTTTTTTTTTTT", "optimal_bs_2": "TTTTTTTTTTTTT", "p_bonferroni": Infinity}