{"not_found": 18, "power": 283.4665352114395, "probability_S_in_G1": 4.656612873077451e-86, "p_value_G1": 2.14760833922255e-115, "p_value_G2": 2.14760833922255e-115, "optimal_bs_1": "TTTTTTTTTTTTTTTTTTTTTTTTTTTTTTTT", "optimal_bs_2": "TTTTTTTTTTTTTTTTTTTTTTTTTTTTTTTT", "p_bonferroni": 4.6119537907888056e-30}