{"not_found": 1, "power": 21.287712379549447, "probability_S_in_G1": 3.9062500000000065e-07, "p_value_G1": 2.55973299047107e-14, "p_value_G2": 2.55973299047107e-14, "optimal_bs_1": "TTTTTTTTT", "optimal_bs_2": "TTTTTTTTT", "p_bonferroni": 6.552916455605928e-08}