{"not_found": 47, "power": 640.8101942183736, "probability_S_in_G1": 1.250000000000003e-193, "p_value_G1": 8.00235571134248e-08, "p_value_G2": 8.00235571134248e-08, "optimal_bs_1": "TT0T", "optimal_bs_2": "TT0T", "p_bonferroni": 6.401884569073969e+185}