{"not_found": 93, "power": 1256.0449636776482, "probability_S_in_G1": 0.0, "p_value_G1": 1.280243369738e-22, "p_value_G2": 1.280243369738e-22, "optimal_bs_1": "TT0TTTTT", "optimal_bs_2": "TT0TTTTT", "p_bonferroni": Infinity}