{"not_found": 94, "power": 1268.3326760571977, "probability_S_in_G1": 0.0, "p_value_G1": 6.39805681127408e-19, "p_value_G2": 6.39805681127408e-19, "optimal_bs_1": "TTTT0TT", "optimal_bs_2": "TTTT0TT", "p_bonferroni": Infinity}