{"not_found": 3, "power": 27.575424759098897, "probability_S_in_G1": 5.000000000000004e-09, "p_value_G1": 0.0199980064663173, "p_value_G2": 0.0199980064663173, "optimal_bs_1": "TT", "optimal_bs_2": "TT", "p_bonferroni": 3999601.2932634563}