{"not_found": 97, "power": 1306.195813195846, "probability_S_in_G1": 0.0, "p_value_G1": 1.6004711422685e-07, "p_value_G2": 1.6004711422685e-07, "optimal_bs_1": "TT00T", "optimal_bs_2": "TT00T", "p_bonferroni": Infinity}