{"not_found": 8, "power": 90.69205856195879, "probability_S_in_G1": 4.999999999999983e-28, "p_value_G1": 0.0019997009773993, "p_value_G2": 0.0019997009773993, "optimal_bs_1": "TT", "optimal_bs_2": "TT", "p_bonferroni": 3.9994019547986137e+24}