{"not_found": 96, "power": 1291.9081008162966, "probability_S_in_G1": 0.0, "p_value_G1": 8.00076049428427e-12, "p_value_G2": 8.00076049428427e-12, "optimal_bs_1": "TTTT", "optimal_bs_2": "TTTT", "p_bonferroni": Infinity}