{"not_found": 4, "power": 42.219280948873624, "probability_S_in_G1": 1.9531249999999986e-13, "p_value_G1": 5.12099716035833e-08, "p_value_G2": 5.12099716035833e-08, "optimal_bs_1": "TT0TTT000T", "optimal_bs_2": "TT0TTT000T", "p_bonferroni": 262195.0546103467}