{"not_found": 0, "power": 19.965784284662085, "probability_S_in_G1": 9.765625000000013e-07, "p_value_G1": 1.02404156710962e-24, "p_value_G2": 1.02404156710962e-24, "optimal_bs_1": "TTTT0TTTTTT", "optimal_bs_2": "TTTT0TTTTTT", "p_bonferroni": 1.0486185647202496e-18}