{"not_found": 0, "power": 62.28771237954945, "probability_S_in_G1": 1.7763568394002534e-19, "p_value_G1": 5.62913508440679e-182, "p_value_G2": 5.62913508440679e-182, "optimal_bs_1": "TTTTTTTTTTTTTTTTTTTTTTTTTTTTTTTTTTTTTTTTTTTTTTTTTT", "optimal_bs_2": "TTTTTTTTTTTTTTTTTTTTTTTTTTTTTTTTTTTTTTTTTTTTTTTTTT", "p_bonferroni": 3.1689213335690703e-163}