{"not_found": 45, "power": 616.2347694592746, "probability_S_in_G1": 3.1250000000001202e-186, "p_value_G1": 3.19966623808884e-15, "p_value_G2": 3.19966623808884e-15, "optimal_bs_1": "TTTT0T", "optimal_bs_2": "TTTT0T", "p_bonferroni": 1.0238931961883894e+171}