{"not_found": 20, "power": 308.0419599705384, "probability_S_in_G1": 1.8626451492309865e-93, "p_value_G1": 5.36744033054798e-108, "p_value_G2": 5.36744033054798e-108, "optimal_bs_1": "TTTTTTTTTTTTTTTTTTTTTTTTTTTTTT", "optimal_bs_2": "TTTTTTTTTTTTTTTTTTTTTTTTTTTTTT", "p_bonferroni": 2.8816225853668298e-15}