{"not_found": 7, "power": 56.150849518197795, "probability_S_in_G1": 1.2500000000000023e-17, "p_value_G1": 0.000799840525253738, "p_value_G2": 0.000799840525253738, "optimal_bs_1": "TT0T", "optimal_bs_2": "TT0T", "p_bonferroni": 63987242020298.92}