{"not_found": 7, "power": 148.30169903639558, "probability_S_in_G1": 2.2737367544323515e-45, "p_value_G1": 4.39780245876588e-156, "p_value_G2": 4.39780245876588e-156, "optimal_bs_1": "TTTTTTTTTTTTTTTTTTTTTTTTTTTTTTTTTTTTTTTTTTT", "optimal_bs_2": "TTTTTTTTTTTTTTTTTTTTTTTTTTTTTTTTTTTTTTTTTTT", "p_bonferroni": 1.9341739760299608e-111}