{"not_found": 19, "power": 295.754247590989, "probability_S_in_G1": 9.313225746154734e-90, "p_value_G1": 1.07401826809976e-111, "p_value_G2": 1.07401826809976e-111, "optimal_bs_1": "TTTTTTTTTTTTTTTTTTTTTTTTTTTTTTT", "optimal_bs_2": "TTTTTTTTTTTTTTTTTTTTTTTTTTTTTTT", "p_bonferroni": 1.1532183341987636e-22}