{"not_found": 43, "power": 640.6593447001758, "probability_S_in_G1": 1.3877787807814396e-193, "p_value_G1": 7.20522626825572e-208, "p_value_G2": 7.20522626825572e-208, "optimal_bs_1": "TTTTTTTTTTTTTTTTTTTTTTTTTTTTTTTTTTTTTTTTTTTTTTTTTTTTTTTTT", "optimal_bs_2": "TTTTTTTTTTTTTTTTTTTTTTTTTTTTTTTTTTTTTTTTTTTTTTTTTTTTTTTTT", "p_bonferroni": 5.191912693893874e-15}