{"not_found": 90, "power": 1218.1818265389998, "probability_S_in_G1": 0.0, "p_value_G1": 5.12146028783457e-34, "p_value_G2": 5.12146028783457e-34, "optimal_bs_1": "TTTTTTTTTT", "optimal_bs_2": "TTTTTTTTTT", "p_bonferroni": Infinity}