{"not_found": 33, "power": 517.7822209046813, "probability_S_in_G1": 1.355252715606905e-156, "p_value_G1": 7.37878483397241e-245, "p_value_G2": 7.37878483397241e-245, "optimal_bs_1": "TTTTTTTTTTTTTTTTTTTTTTTTTTTTTTTTTTTTTTTTTTTTTTTTTTTTTTTTTTTTTTTTTTT", "optimal_bs_2": "TTTTTTTTTTTTTTTTTTTTTTTTTTTTTTTTTTTTTTTTTTTTTTTTTTTTTTTTTTTTTTTTTTT", "p_bonferroni": 5.444582216290241e-89}