{"not_found": 9, "power": 172.8771237954945, "probability_S_in_G1": 9.094947017729258e-53, "p_value_G1": 1.09988908231506e-148, "p_value_G2": 1.09988908231506e-148, "optimal_bs_1": "TTTTTTTTTTTTTTTTTTTTTTTTTTTTTTTTTTTTTTTTT", "optimal_bs_2": "TTTTTTTTTTTTTTTTTTTTTTTTTTTTTTTTTTTTTTTTT", "p_bonferroni": 1.2093408352692856e-96}