{"not_found": 2, "power": 26.931568569324174, "probability_S_in_G1": 7.812500000000001e-09, "p_value_G1": 1.27999408080122e-12, "p_value_G2": 1.27999408080122e-12, "optimal_bs_1": "TTTTTTTT", "optimal_bs_2": "TTTTTTTT", "p_bonferroni": 0.00016383924234255614}