{"not_found": 1, "power": 74.5754247590989, "probability_S_in_G1": 3.552713678800513e-23, "p_value_G1": 2.81512871962624e-178, "p_value_G2": 2.81512871962624e-178, "optimal_bs_1": "TTTTTTTTTTTTTTTTTTTTTTTTTTTTTTTTTTTTTTTTTTTTTTTTT", "optimal_bs_2": "TTTTTTTTTTTTTTTTTTTTTTTTTTTTTTTTTTTTTTTTTTTTTTTTT", "p_bonferroni": 7.923882907942922e-156}