{"not_found": 7, "power": 55.150849518197795, "probability_S_in_G1": 2.5000000000000046e-17, "p_value_G1": 0.000399920262626869, "p_value_G2": 0.000399920262626869, "optimal_bs_1": "TTT", "optimal_bs_2": "TTT", "p_bonferroni": 15996810505074.73}