{"not_found": 37, "power": 516.933070422879, "probability_S_in_G1": 2.4414062500000607e-156, "p_value_G1": 4.09471848793292e-45, "p_value_G2": 4.09471848793292e-45, "optimal_bs_1": "TTTTTTTTTTTTT", "optimal_bs_2": "TTTTTTTTTTTTT", "p_bonferroni": 1.6771966926572822e+111}