{"not_found": 5, "power": 66.79470570797253, "probability_S_in_G1": 7.812499999999983e-21, "p_value_G1": 1.28012167908548e-10, "p_value_G2": 1.28012167908548e-10, "optimal_bs_1": "TTT000TT", "optimal_bs_2": "TTT000TT", "p_bonferroni": 16385557492.29418}