{"not_found": 44, "power": 602.9470570797251, "probability_S_in_G1": 3.1250000000001767e-182, "p_value_G1": 3.19902840563704e-19, "p_value_G2": 3.19902840563704e-19, "optimal_bs_1": "TTTTTT", "optimal_bs_2": "TTTTTT", "p_bonferroni": 1.0236890898037949e+163}