{"not_found": 2, "power": 31.897352853986263, "probability_S_in_G1": 2.499999999999997e-10, "p_value_G1": 3.99880399901173e-06, "p_value_G2": 3.99880399901173e-06, "optimal_bs_1": "TTT", "optimal_bs_2": "TTT", "p_bonferroni": 15995.21599604694}