{"not_found": 10, "power": 185.16483617504394, "probability_S_in_G1": 1.8189894035458546e-56, "p_value_G1": 5.49673054443698e-145, "p_value_G2": 5.49673054443698e-145, "optimal_bs_1": "TTTTTTTTTTTTTTTTTTTTTTTTTTTTTTTTTTTTTTTT", "optimal_bs_2": "TTTTTTTTTTTTTTTTTTTTTTTTTTTTTTTTTTTTTTTT", "p_bonferroni": 3.0218595741799846e-89}