{"not_found": 7, "power": 58.150849518197795, "probability_S_in_G1": 3.1250000000000057e-18, "p_value_G1": 0.00319936210101495, "p_value_G2": 0.00319936210101495, "optimal_bs_1": "T00T0T", "optimal_bs_2": "T00T0T", "p_bonferroni": 1023795872324782.1}