{"not_found": 31, "power": 443.20679614558236, "probability_S_in_G1": 3.8146972656250564e-134, "p_value_G1": 2.62111809755986e-67, "p_value_G2": 2.62111809755986e-67, "optimal_bs_1": "TTTTTTTTTTTTTTTTTTT", "optimal_bs_2": "TTTTTTTTTTTTTTTTTTT", "p_bonferroni": 6.871103825667219e+66}