{"not_found": 1, "power": 22.931568569324174, "probability_S_in_G1": 1.2500000000000002e-07, "p_value_G1": 8.00195687726234e-09, "p_value_G2": 8.00195687726234e-09, "optimal_bs_1": "TTTT", "optimal_bs_2": "TTTT", "p_bonferroni": 0.06401565501809872}