{"not_found": 5, "power": 48.86313713864835, "probability_S_in_G1": 1.9531250000000004e-15, "p_value_G1": 5.12150765525919e-06, "p_value_G2": 5.12150765525919e-06, "optimal_bs_1": "TT00TT000T", "optimal_bs_2": "TT00TT000T", "p_bonferroni": 2622211919.492705}