{"not_found": 38, "power": 529.2207828024285, "probability_S_in_G1": 4.8828125000000337e-160, "p_value_G1": 2.04776745296018e-41, "p_value_G2": 2.04776745296018e-41, "optimal_bs_1": "TTTTTTTTTTTT", "optimal_bs_2": "TTTTTTTTTTTT", "p_bonferroni": 4.193827743662419e+118}