{"not_found": 8, "power": 92.69205856195879, "probability_S_in_G1": 1.2499999999999958e-28, "p_value_G1": 0.00799880390959721, "p_value_G2": 0.00799880390959721, "optimal_bs_1": "T00T", "optimal_bs_2": "T00T", "p_bonferroni": 6.3990431276777904e+25}