{"not_found": 3, "power": 99.15084951819779, "probability_S_in_G1": 1.42108547152021e-30, "p_value_G1": 7.03575002454831e-171, "p_value_G2": 7.03575002454831e-171, "optimal_bs_1": "TTTTTTTTTTTTTTTTTTTTTTTTTTTTTTTTTTTTTTTTTTTTTTT", "optimal_bs_2": "TTTTTTTTTTTTTTTTTTTTTTTTTTTTTTTTTTTTTTTTTTTTTTT", "p_bonferroni": 4.950968935754299e-141}