{"not_found": 93, "power": 1255.0449636776482, "probability_S_in_G1": 0.0, "p_value_G1": 6.40121684868999e-23, "p_value_G2": 6.40121684868999e-23, "optimal_bs_1": "TTTTTTT", "optimal_bs_2": "TTTTTTT", "p_bonferroni": Infinity}