{"not_found": 15, "power": 246.60339807279118, "probability_S_in_G1": 5.820766091346784e-75, "p_value_G1": 1.71824999576472e-126, "p_value_G2": 1.71824999576472e-126, "optimal_bs_1": "TTTTTTTTTTTTTTTTTTTTTTTTTTTTTTTTTTT", "optimal_bs_2": "TTTTTTTTTTTTTTTTTTTTTTTTTTTTTTTTTTT", "p_bonferroni": 2.9519310152646224e-52}