{"not_found": 36, "power": 504.6453580433296, "probability_S_in_G1": 1.2207031250000044e-152, "p_value_G1": 8.19348178634846e-49, "p_value_G2": 8.19348178634846e-49, "optimal_bs_1": "TTTTTTTTTTTTTT", "optimal_bs_2": "TTTTTTTTTTTTTT", "p_bonferroni": 6.712100279376635e+103}