{"not_found": 4, "power": 54.82892142331043, "probability_S_in_G1": 3.1250000000000046e-17, "p_value_G1": 3.19982571607159e-14, "p_value_G2": 3.19982571607159e-14, "optimal_bs_1": "TTTTTT", "optimal_bs_2": "TTTTTT", "p_bonferroni": 1023.9442291429074}