{"not_found": 0, "power": 20.643856189774723, "probability_S_in_G1": 6.103515625000005e-07, "p_value_G1": 1.63806582065556e-14, "p_value_G2": 1.63806582065556e-14, "optimal_bs_1": "T0T0T0T0T0TTTTT", "optimal_bs_2": "T0T0T0T0T0TTTTT", "p_bonferroni": 2.6838070405620674e-08}