{"not_found": 7, "power": 84.7262742772967, "probability_S_in_G1": 3.125000000000001e-26, "p_value_G1": 3.19904319920938e-05, "p_value_G2": 3.19904319920938e-05, "optimal_bs_1": "TT000T", "optimal_bs_2": "TT000T", "p_bonferroni": 1.0236938237470013e+21}