{"not_found": 6, "power": 136.01398665684616, "probability_S_in_G1": 1.1368683772161513e-41, "p_value_G1": 8.79385157145364e-160, "p_value_G2": 8.79385157145364e-160, "optimal_bs_1": "TTTTTTTTTTTTTTTTTTTTTTTTTTTTTTTTTTTTTTTTTTTT", "optimal_bs_2": "TTTTTTTTTTTTTTTTTTTTTTTTTTTTTTTTTTTTTTTTTTTT", "p_bonferroni": 7.735153644599683e-119}