{"not_found": 0, "power": 16.643856189774723, "probability_S_in_G1": 9.765625000000009e-06, "p_value_G1": 1.02379113790972e-15, "p_value_G2": 1.02379113790972e-15, "optimal_bs_1": "TT0TTTTTTTT", "optimal_bs_2": "TT0TTTTTTTT", "p_bonferroni": 1.0483621252195523e-10}