{"not_found": 44, "power": 605.9470570797251, "probability_S_in_G1": 3.906250000000221e-183, "p_value_G1": 2.55922272450963e-18, "p_value_G2": 2.55922272450963e-18, "optimal_bs_1": "TTTT000TT", "optimal_bs_2": "TTTT000TT", "p_bonferroni": 6.551610174744282e+164}