{"not_found": 0, "power": 11.643856189774723, "probability_S_in_G1": 0.0003125000000000003, "p_value_G1": 3.20094228453699e-07, "p_value_G2": 3.20094228453699e-07, "optimal_bs_1": "TT0TTT", "optimal_bs_2": "TT0TTT", "p_bonferroni": 0.0010243015310518358}