{"not_found": 0, "power": 10.643856189774723, "probability_S_in_G1": 0.0006250000000000006, "p_value_G1": 1.6004711422685e-07, "p_value_G2": 1.6004711422685e-07, "optimal_bs_1": "TTTTT", "optimal_bs_2": "TTTTT", "p_bonferroni": 0.00025607538276295976}