{"not_found": 0, "power": 18.965784284662085, "probability_S_in_G1": 1.9531250000000026e-06, "p_value_G1": 5.12020783554812e-25, "p_value_G2": 5.12020783554812e-25, "optimal_bs_1": "TTTTTTTTTT", "optimal_bs_2": "TTTTTTTTTT", "p_bonferroni": 2.6215464118006337e-19}