{"not_found": 1, "power": 17.287712379549447, "probability_S_in_G1": 6.2500000000000105e-06, "p_value_G1": 1.59952159960469e-05, "p_value_G2": 1.59952159960469e-05, "optimal_bs_1": "T0TTT", "optimal_bs_2": "T0TTT", "p_bonferroni": 2.5592345593675}