{"not_found": 30, "power": 430.9190837660329, "probability_S_in_G1": 1.9073486328125623e-130, "p_value_G1": 5.24119118976085e-71, "p_value_G2": 5.24119118976085e-71, "optimal_bs_1": "TTTTTTTTTTTTTTTTTTTT", "optimal_bs_2": "TTTTTTTTTTTTTTTTTTTT", "p_bonferroni": 2.7478936464972464e+59}