{"not_found": 3, "power": 45.86313713864835, "probability_S_in_G1": 1.5625000000000003e-14, "p_value_G1": 6.39869461193578e-17, "p_value_G2": 6.39869461193578e-17, "optimal_bs_1": "TTTTTTT", "optimal_bs_2": "TTTTTTT", "p_bonferroni": 0.004095164551638899}