{"not_found": 23, "power": 396.9050971091868, "probability_S_in_G1": 3.3087224502121145e-120, "p_value_G1": 3.0226096224593e-281, "p_value_G2": 3.0226096224593e-281, "optimal_bs_1": "TTTTTTTTTTTTTTTTTTTTTTTTTTTTTTTTTTTTTTTTTTTTTTTTTTTTTTTTTTTTTTTTTTTTTTTTTT0T0TT", "optimal_bs_2": "TTTTTTTTTTTTTTTTTTTTTTTTTTTTTTTTTTTTTTTTTTTTTTTTTTTTTTTTTTTTTTTTTTTTTTTTTT0T0TT", "p_bonferroni": 9.135277038016674e-162}