{"not_found": 5, "power": 44.86313713864835, "probability_S_in_G1": 3.1250000000000006e-14, "p_value_G1": 3.20094228453699e-07, "p_value_G2": 3.20094228453699e-07, "optimal_bs_1": "TTT0TT", "optimal_bs_2": "TTT0TT", "p_bonferroni": 10243015.310518365}