{"not_found": 0, "power": 18.643856189774723, "probability_S_in_G1": 2.441406250000002e-06, "p_value_G1": 4.0951645516389e-15, "p_value_G2": 4.0951645516389e-15, "optimal_bs_1": "T0T0T0TTTTTTT", "optimal_bs_2": "T0T0T0TTTTTTT", "p_bonferroni": 1.677379400351292e-09}