{"not_found": 7, "power": 59.150849518197795, "probability_S_in_G1": 1.5625000000000029e-18, "p_value_G1": 0.0063987242020299, "p_value_G2": 0.0063987242020299, "optimal_bs_1": "T00T00T", "optimal_bs_2": "T00T00T", "p_bonferroni": 4095183489299128.5}