{"not_found": 34, "power": 480.06993328423073, "probability_S_in_G1": 3.0517578125000003e-145, "p_value_G1": 3.27608619134691e-56, "p_value_G2": 3.27608619134691e-56, "optimal_bs_1": "TTTTTTTTTTTTTTTT", "optimal_bs_2": "TTTTTTTTTTTTTTTT", "p_bonferroni": 1.0735079231805553e+89}