{"not_found": 92, "power": 1248.7572512980987, "probability_S_in_G1": 0.0, "p_value_G1": 8.19192423443086e-25, "p_value_G2": 8.19192423443086e-25, "optimal_bs_1": "TTTTTT000000TT", "optimal_bs_2": "TTTTTT000000TT", "p_bonferroni": Infinity}