{"not_found": 8, "power": 61.79470570797252, "probability_S_in_G1": 2.500000000000007e-19, "p_value_G1": 0.0399960129326346, "p_value_G2": 0.0399960129326346, "optimal_bs_1": "T0T", "optimal_bs_2": "T0T", "p_bonferroni": 1.5998405173053795e+17}