{"not_found": 9, "power": 99.65784284662087, "probability_S_in_G1": 1.0000000000000029e-30, "p_value_G1": 1, "p_value_G2": 1, "optimal_bs_1": "T", "optimal_bs_2": "T", "p_bonferroni": 9.99999999999997e+29}