{"not_found": 33, "power": 467.78222090468125, "probability_S_in_G1": 1.5258789062500277e-141, "p_value_G1": 6.55540853868545e-60, "p_value_G2": 6.55540853868545e-60, "optimal_bs_1": "TTTTTTTTTTTTTTTTT", "optimal_bs_2": "TTTTTTTTTTTTTTTTT", "p_bonferroni": 4.296152539912819e+81}