{"not_found": 27, "power": 444.05594662738457, "probability_S_in_G1": 2.1175823681357678e-134, "p_value_G1": 4.72332018020824e-267, "p_value_G2": 4.72332018020824e-267, "optimal_bs_1": "TTTTTTTTTTTTTTTTTTTTTTTTTTTTTTTTTTTTTTTTTTTTTTTTTTTTTTTTTTTTTTTTTTTTTTTTT", "optimal_bs_2": "TTTTTTTTTTTTTTTTTTTTTTTTTTTTTTTTTTTTTTTTTTTTTTTTTTTTTTTTTTTTTTTTTTTTTTTTT", "p_bonferroni": 2.2305248906877026e-133}