{"not_found": 5, "power": 63.794705707972525, "probability_S_in_G1": 6.249999999999986e-20, "p_value_G1": 1.60015209885685e-11, "p_value_G2": 1.60015209885685e-11, "optimal_bs_1": "TTTTT", "optimal_bs_2": "TTTTT", "p_bonferroni": 256024335.81709656}