{"not_found": 85, "power": 1156.7432646412526, "probability_S_in_G1": 0.0, "p_value_G1": 1.63836969391249e-52, "p_value_G2": 1.63836969391249e-52, "optimal_bs_1": "TTTTTTTTTTTTTTT", "optimal_bs_2": "TTTTTTTTTTTTTTT", "p_bonferroni": Infinity}