{"not_found": 47, "power": 639.8101942183736, "probability_S_in_G1": 2.500000000000006e-193, "p_value_G1": 4.00117785567124e-08, "p_value_G2": 4.00117785567124e-08, "optimal_bs_1": "TTT", "optimal_bs_2": "TTT", "p_bonferroni": 1.6004711422684922e+185}