{"not_found": 46, "power": 627.5224818388241, "probability_S_in_G1": 1.2500000000000255e-189, "p_value_G1": 8.00076049428427e-12, "p_value_G2": 8.00076049428427e-12, "optimal_bs_1": "TTTT", "optimal_bs_2": "TTTT", "p_bonferroni": 6.400608395427286e+177}