{"not_found": 98, "power": 1316.4835255753953, "probability_S_in_G1": 0.0, "p_value_G1": 0.000199960131313434, "p_value_G2": 0.000199960131313434, "optimal_bs_1": "TT", "optimal_bs_2": "TT", "p_bonferroni": Infinity}