{"not_found": 3, "power": 36.575424759098894, "probability_S_in_G1": 9.765625000000033e-12, "p_value_G1": 1.02409734326839e-09, "p_value_G2": 1.02409734326839e-09, "optimal_bs_1": "TTTTT000T0T", "optimal_bs_2": "TTTTT000T0T", "p_bonferroni": 104.86756795068278}