{"not_found": 13, "power": 223.02797331369229, "probability_S_in_G1": 7.275957614183455e-68, "p_value_G1": 1.37405201627116e-133, "p_value_G2": 1.37405201627116e-133, "optimal_bs_1": "TTTTTTTTTTTTTTTTTTTTTTTTTTTTTTTTTTTT0T", "optimal_bs_2": "TTTTTTTTTTTTTTTTTTTTTTTTTTTTTTTTTTTT0T", "p_bonferroni": 1.88848271132399e-66}