{"not_found": 97, "power": 1305.195813195846, "probability_S_in_G1": 0.0, "p_value_G1": 8.00235571134248e-08, "p_value_G2": 8.00235571134248e-08, "optimal_bs_1": "T0TT", "optimal_bs_2": "T0TT", "p_bonferroni": Infinity}