{"not_found": 2, "power": 36.89735285398626, "probability_S_in_G1": 7.81249999999999e-12, "p_value_G1": 1.28043480921134e-19, "p_value_G2": 1.28043480921134e-19, "optimal_bs_1": "TTTTTTTT", "optimal_bs_2": "TTTTTTTT", "p_bonferroni": 1.6389565557905173e-08}