{"not_found": 39, "power": 541.508495181978, "probability_S_in_G1": 9.765624999999892e-164, "p_value_G1": 1.02408787167194e-37, "p_value_G2": 1.02408787167194e-37, "optimal_bs_1": "TTTTTTTTTTT", "optimal_bs_2": "TTTTTTTTTTT", "p_bonferroni": 1.0486659805920781e+126}