{"not_found": 6, "power": 51.50699332842307, "probability_S_in_G1": 3.125000000000003e-16, "p_value_G1": 3.19904319920938e-05, "p_value_G2": 3.19904319920938e-05, "optimal_bs_1": "TTT00T", "optimal_bs_2": "TTT00T", "p_bonferroni": 102369382374.70006}