{"not_found": 32, "power": 505.49450852513183, "probability_S_in_G1": 6.77626357803438e-153, "p_value_G1": 1.47546278433469e-248, "p_value_G2": 1.47546278433469e-248, "optimal_bs_1": "TTTTTTTTTTTTTTTTTTTTTTTTTTTTTTTTTTTTTTTTTTTTTTTTTTTTTTTTTTTTTTTTTTTT", "optimal_bs_2": "TTTTTTTTTTTTTTTTTTTTTTTTTTTTTTTTTTTTTTTTTTTTTTTTTTTTTTTTTTTTTTTTTTTT", "p_bonferroni": 2.177398749832402e-96}